Day,Time,Hour,Downlink_traffic,Downlink_traffic (normalized),Uplink_traffic_volume_(bit),Uplink_traffic (normalized),Average_user_number,Average_user_number(normalized),Maximum_user_number,Maximum_user_number(normalized),User_Downlink_Average_Throughput_(kbps),User_Downlink_Average_Throughput_(kbps) (normalized),User_Uplink_Average_Throughput_(kbps),User_Uplink_Average_Throughput_(kbps) (normalized),Cell_Downlink_Average_Throughput_(kbps),Cell_Downlink_Average_Throughput_(kbps) (normalized),Cell_Uplink_Average_Throughput_(kbps),Cell_Uplink_Average_Throughput_(kbps) (normalized),Downlink_Resource_Block_Utilizing_Rate_(Percentage),Downlink_Resource_Block_Utilizing_Rate_(Percentage)(normalized),Uplink_Resource_Block_Utilizing_Rate_(Percentage),Uplink_Resource_Block_Utilizing_Rate_(Percentage) (normalized),Average_CPU_Load_by_user_plane,Average_CPU_Load_by_user_plane (normalized)
Sunday,0,0:00,12402431560,0.240162652,466418008,0.07058385,13.809,0.176815137,19,0.073170732,12161.46757,0.41422065,1044.351371,0.245024989,17740.67018,0.805949759,1108.131308,0.213393796,16.304,0.16392221,7.630666667,0.127181593,8,0.363636364
Sunday,1,1:00,11598890288,0.22451143,227583504,0.031279045,12.592,0.145822192,22,0.109756098,13254.13182,0.458049556,504.6315896,0.072911557,21508.38312,1,669.3435605,0.083314768,12.40533333,0.121199281,7.125333333,0.104293738,8,0.363636364
Sunday,2,2:00,6949345224,0.133948488,176669624,0.022900188,10.609,0.095321771,17,0.048780488,8179.108647,0.254480424,387.144045,0.035445477,19513.94529,0.897279557,608.280594,0.065212596,10.23466667,0.09741237,6.709333333,0.08545202,8,0.363636364
Sunday,3,3:00,4305694456,0.082455968,200815160,0.0268738,11.041,0.106323376,20,0.085365854,22621.70346,0.833801224,718.5637783,0.141133261,20329.72976,0.939295277,867.7969647,0.14214646,4.846666667,0.038368814,5.934666667,0.05036536,8,0.363636364
Sunday,4,4:00,4987387424,0.095733852,304987240,0.044017317,11.774,0.12499045,24,0.134146341,6444.42128,0.184898712,331.2804261,0.017630901,13736.89952,0.599741729,451.4410305,0.018717364,8.816,0.081866133,7.398666667,0.116673712,8,0.363636364
Sunday,5,5:00,14928927128,0.289373246,987447440,0.156329251,20.968,0.359131077,38,0.304878049,3048.376873,0.048676711,525.8427744,0.079675678,9674.351489,0.390506461,751.3071081,0.107612936,39.568,0.418857118,12.964,0.368742074,10,0.545454545
Sunday,6,6:00,18468282616,0.35831213,1469591152,0.235675259,27.94,0.536684748,51,0.463414634,3381.920466,0.062055799,581.6997046,0.097488121,10087.71316,0.411796016,884.0427707,0.146962544,47.89733333,0.510132815,18.36,0.61314089,11,0.636363636
Sunday,7,7:00,19368184824,0.375840251,3131169576,0.509119903,25.071,0.463620852,47,0.414634146,4124.515958,0.09184276,1606.273968,0.424218767,10955.79757,0.456505364,1940.122533,0.460038354,43.48533333,0.461784603,19.444,0.662238058,10,0.545454545
Sunday,8,8:00,21137491176,0.41030246,4445015128,0.725338424,25.386,0.471642855,37,0.292682927,4639.231365,0.112489005,2572.911353,0.732473686,11134.60628,0.465714631,2784.711596,0.710417552,42.54266667,0.451454538,19.24666667,0.65330032,11,0.636363636
Sunday,9,9:00,15115277984,0.293002952,1956681704,0.315835365,24.763,0.455777116,45,0.390243902,4262.51952,0.097378354,881.9845563,0.193247176,9460.583287,0.37949666,1173.324505,0.232720379,43.38,0.460630324,17.03466667,0.553113111,10,0.545454545
Sunday,10,10:00,22716687808,0.441061747,1855831960,0.299238603,29.633,0.579799832,41,0.341463415,3613.674817,0.071351921,618.3762543,0.109184055,10319.57075,0.423737484,944.5413241,0.164897396,47.99333333,0.511184816,20.312,0.701552026,11,0.636363636
Sunday,11,11:00,21742170192,0.422080281,1542427808,0.24766193,25.72,0.480148725,44,0.37804878,4547.878261,0.108824653,584.7799207,0.098470384,10988.55828,0.458192654,860.5617251,0.140001567,43.17333333,0.4583656,18.95733333,0.640195664,11,0.636363636
Sunday,12,12:00,19431126088,0.377066209,1812079088,0.292038227,25.719,0.480123259,40,0.329268293,4439.94233,0.104495131,1343.367687,0.340379516,10519.82468,0.434051253,1343.047835,0.283035015,39.628,0.419514618,17.228,0.561869678,11,0.636363636
Sunday,13,13:00,20877175656,0.405232084,1273183368,0.203352586,27.159,0.516795273,40,0.329268293,4870.092979,0.121749317,771.8204544,0.158116499,11258.69966,0.472105869,947.6609009,0.165822197,40.51866667,0.42927485,16.38133333,0.523521952,11,0.636363636
Sunday,14,14:00,21021706536,0.408047229,1594050360,0.256157413,28.929,0.561871291,42,0.353658537,5293.192119,0.138720653,859.5245476,0.186084813,11077.43645,0.462770187,1052.284031,0.19683782,39.608,0.419295452,18.77866667,0.632103388,11,0.636363636
Sunday,15,15:00,16914296192,0.328043882,1365266160,0.218506578,26.363,0.496523799,41,0.341463415,4279.118497,0.098044171,516.1104349,0.076572093,9145.161455,0.363251345,776.3175265,0.115027298,42.85066667,0.454829707,19.14666667,0.648771061,11,0.636363636
Sunday,16,16:00,17760940120,0.344534649,1262897416,0.201659835,25.47,0.473782056,40,0.329268293,5491.11884,0.146659882,784.4227193,0.162135286,10523.59217,0.434245292,957.0210478,0.168597021,38.51866667,0.407358163,16.50666667,0.529198623,11,0.636363636
Sunday,17,17:00,20638707360,0.400587245,1906489552,0.307575283,31.049,0.615860646,50,0.451219512,4641.417811,0.112576707,594.3191215,0.101512378,10095.20974,0.412182116,906.0870238,0.153497583,45.08533333,0.479317953,22.37333333,0.794915152,12,0.727272727
Sunday,18,18:00,17883866328,0.346928982,1762907080,0.283946029,36.468,0.753864568,55,0.512195122,2645.154589,0.032502675,313.8840891,0.012083312,7733.272879,0.290534203,702.4049094,0.093115835,61.67466667,0.661109569,25.55866667,0.939187149,14,0.909090909
Sunday,19,19:00,14154750272,0.274293978,1421984664,0.227840697,30.489,0.601599307,58,0.548780488,3498.852721,0.066746181,301.0419423,0.007988028,8772.041435,0.344034374,670.4088001,0.083630559,40.22133333,0.426016569,20.41466667,0.706202066,14,0.909090909
Sunday,20,20:00,13440941632,0.260390551,1596647976,0.2565849,31.261,0.621259582,52,0.475609756,3985.448287,0.086264483,538.7230563,0.083783123,9223.725295,0.367297655,889.4167137,0.148555655,35.23066667,0.371327129,20.956,0.730720454,12,0.727272727
Sunday,21,21:00,21147122512,0.410490057,1845589240,0.297552967,36.665,0.758881504,59,0.56097561,5722.189503,0.155928579,484.8614263,0.066606969,10990.00554,0.458267193,864.1038242,0.141051626,39.48533333,0.417951228,23.77733333,0.858505948,13,0.818181818
Sunday,22,22:00,16884737936,0.327468152,1400599704,0.224321391,26.009,0.487508595,44,0.37804878,6528.00806,0.188251542,763.5568282,0.155481277,11178.49587,0.467975097,948.2315971,0.165991381,30.08533333,0.314942797,16.17466667,0.514161483,12,0.727272727
Sunday,23,23:00,14220712368,0.275578775,890914968,0.140442978,16.761,0.251992767,27,0.170731707,6666.994998,0.193826581,597.1849418,0.102426271,12989.44306,0.561245137,744.5131564,0.105598863,20.028,0.204731082,11.99333333,0.324778066,9,0.454545455
Monday,0,0:00,7147352000,0.137805225,526565336,0.080482248,12.69,0.148317926,22,0.109756098,10278.38606,0.338686558,637.3310742,0.115228634,10976.94448,0.457594503,701.9205255,0.092972239,8.636,0.079893631,9.609333333,0.216800531,8,0.363636364
Monday,1,1:00,1837483000,0.034380621,340452600,0.049853823,10.616,0.095500038,18,0.06097561,9589.604565,0.311058182,1313.242582,0.330772799,4980.236072,0.14874329,895.9821252,0.150501977,3.088,0.01909674,9.045333333,0.191255511,8,0.363636364
Monday,2,2:00,2776104840,0.052662916,298837128,0.043005198,11.126,0.108488043,20,0.085365854,17888.61345,0.643947702,558.5180034,0.090095614,5707.499322,0.186199861,616.797444,0.067737424,4.48,0.034350755,9.988,0.233951326,8,0.363636364
Monday,3,3:00,6925114152,0.13347652,497898416,0.075764556,12.274,0.137723788,21,0.097560976,26765.07545,1,1128.802653,0.271956001,12318.4971,0.526689101,1023.147614,0.188200302,5.972,0.050700603,9.72,0.221812911,8,0.363636364
Monday,4,4:00,10475255016,0.202625479,1024329048,0.162398828,13.657,0.172944203,23,0.12195122,8079.329694,0.250478095,1705.20486,0.45576724,13355.48571,0.580097599,1743.912819,0.401871805,17.92933333,0.181733172,9.421333333,0.208285524,8,0.363636364
Monday,5,5:00,16744321392,0.324733145,1013386528,0.160598026,22.306,0.393205491,48,0.426829268,4730.452396,0.116148059,698.6438509,0.134780915,11247.76405,0.471542647,896.1329131,0.150546678,33.36,0.35082772,12.724,0.357871852,10,0.545454545
Monday,6,6:00,24196237376,0.469880128,1542065048,0.247602231,32.04,0.641098123,48,0.426829268,4114.309434,0.091433357,737.9103569,0.14730277,11501.17329,0.484594099,983.3112266,0.176390769,48.872,0.520813547,20.504,0.710248203,11,0.636363636
Monday,7,7:00,23561774240,0.457522178,1494506632,0.23977558,29.69,0.581251433,41,0.341463415,5170.776173,0.133810309,819.437126,0.173301172,12228.01044,0.522028725,1030.365933,0.190340179,38.06266667,0.402361158,17.53333333,0.575699016,10,0.545454545
Monday,8,8:00,19682272056,0.381957982,1161411432,0.184958367,28.117,0.54119235,47,0.414634146,5682.420798,0.154333379,540.4728369,0.084341118,11656.302,0.492583764,801.2402973,0.122415676,36.77866667,0.388290645,17.76,0.585965336,10,0.545454545
Monday,9,9:00,18690005408,0.362630804,1673225464,0.269187197,27.175,0.51720274,44,0.37804878,5035.904457,0.12840034,789.2647335,0.163679376,11113.89594,0.464647977,1065.041163,0.200619683,36.25466667,0.382548472,17.932,0.593755662,10,0.545454545
Monday,10,10:00,17209459304,0.333793012,1320880184,0.211202013,27.686,0.530216212,39,0.317073171,5198.404537,0.134918537,565.7570869,0.092404115,10391.80906,0.427458006,810.9430041,0.125292052,37.492,0.396107596,17.30266667,0.565251525,10,0.545454545
Monday,11,11:00,21914165440,0.425430371,1535743416,0.246561885,29.585,0.578577431,39,0.317073171,3219.466236,0.055539441,612.2711356,0.107237169,9757.974076,0.394813314,860.0920699,0.139862337,57.99866667,0.620826697,19.67866667,0.672866719,10,0.545454545
Monday,12,12:00,21727606152,0.421796605,1707555440,0.274836854,29.29,0.571064762,47,0.414634146,3141.960445,0.052430532,490.9342401,0.068543554,9730.31394,0.393388721,826.1987912,0.129814644,56.41466667,0.603468681,21.084,0.736517906,11,0.636363636
Monday,13,13:00,18153280856,0.352176586,1152969896,0.18356915,25.46,0.473527389,44,0.37804878,3863.756585,0.081383191,549.0387456,0.087072735,10634.64208,0.439964746,796.8459117,0.121112956,38.39066667,0.405955495,15.67866667,0.491696359,10,0.545454545
Monday,14,14:00,12848959160,0.248860031,982105016,0.155450052,20.657,0.35121094,31,0.219512195,3600.673874,0.070830427,343.8230191,0.021630659,8099.700041,0.309406468,547.0215666,0.047052301,43.21733333,0.458847767,18.11066667,0.601847938,10,0.545454545
Monday,15,15:00,12956627776,0.250957179,1058274752,0.167985245,24.548,0.45030178,36,0.280487805,3777.441178,0.07792091,509.3446606,0.074414527,7653.45164,0.286423133,712.2956565,0.096047956,43.94933333,0.466869274,16.124,0.511866659,10,0.545454545
Monday,16,16:00,17573042992,0.340874825,1329594008,0.21263604,26.289,0.494639265,36,0.280487805,4629.496322,0.112098513,447.8926202,0.054817837,10373.27464,0.42650342,724.091795,0.099544932,34.124,0.359199895,18.32133333,0.611389577,11,0.636363636
Monday,17,17:00,18849282352,0.365733169,1443453624,0.231373827,28.568,0.552677821,38,0.304878049,3618.204985,0.071533634,466.8770527,0.060871859,10257.73882,0.420552926,764.3196722,0.111470523,40.77066667,0.432036353,18.908,0.63796123,12,0.727272727
Monday,18,18:00,13776700552,0.266930399,2481629232,0.402225564,29.792,0.583849034,52,0.475609756,5160.286116,0.133389533,1522.510754,0.397507175,9177.944575,0.364939789,1697.721574,0.388178368,36.468,0.384886252,20.31866667,0.701853977,13,0.818181818
Monday,19,19:00,17481695584,0.339095578,2156613712,0.348738017,30.751,0.608271577,48,0.426829268,2853.988567,0.040879415,505.2693808,0.073114945,7777.696719,0.292822184,873.9703932,0.143976579,55.66933333,0.595301062,23.212,0.832900538,13,0.818181818
Monday,20,20:00,17827426144,0.345829651,1958280192,0.316098427,32.396,0.65016426,64,0.62195122,2584.690865,0.030077356,458.204866,0.058106351,7505.102836,0.278782657,808.8427117,0.124669418,59.85466667,0.641165383,24.19866667,0.877589227,14,0.909090909
Monday,21,21:00,17443788408,0.338357229,1609536536,0.25870596,27.161,0.516846207,46,0.402439024,3121.746806,0.051619723,522.588456,0.078637895,8075.132608,0.30814116,800.9218409,0.122321269,53.00266667,0.566078812,22.77066667,0.812911408,12,0.727272727
Monday,22,22:00,13640541272,0.264278314,1143923136,0.182080332,22.964,0.409962564,45,0.390243902,3901.581035,0.082900404,532.5741444,0.081822272,8199.451111,0.314543993,734.2013426,0.102541916,45.26,0.48123201,16.92533333,0.548161121,11,0.636363636
Monday,23,23:00,15822196416,0.306772173,898479064,0.141687796,21.478,0.372119082,39,0.317073171,5095.196868,0.130778675,675.1507648,0.127289109,11018.03547,0.459710831,874.0111226,0.143988653,32.38133333,0.340103155,11.704,0.31167341,10,0.545454545
Tuesday,0,0:00,9547437280,0.184553624,444320224,0.066947235,15.787,0.227188224,23,0.12195122,5715.075755,0.155643233,275.9927833,0,9747.793426,0.394288975,388.3028747,0,26.02533333,0.270451922,8.693333333,0.175312519,8,0.363636364
Tuesday,1,1:00,9916521976,0.191742584,344588720,0.050534501,13.347,0.165049533,21,0.097560976,7030.070509,0.208390251,366.1331279,0.02874522,11602.00296,0.489787176,454.1238457,0.019512687,23.728,0.245276954,7.464,0.119632828,8,0.363636364
Tuesday,2,2:00,6417103600,0.123581588,208827360,0.028192361,11.483,0.117579647,19,0.073170732,8772.922327,0.278299455,601.9446443,0.103944112,14674.67567,0.648040443,699.2682086,0.092185957,11.40666667,0.110255549,6.188,0.061839483,8,0.363636364
Tuesday,3,3:00,4826211472,0.092594498,197372624,0.026307265,10.947,0.103929508,19,0.073170732,11752.71754,0.397824885,487.0230191,0.067296288,15698.72351,0.700782446,575.7358832,0.055564686,8.212,0.075247293,6.612,0.081043541,8,0.363636364
Tuesday,4,4:00,12925207072,0.250345173,509929872,0.077744563,13.643,0.172587669,22,0.109756098,16325.94202,0.581265887,693.4432609,0.133122477,18724.61291,0.856626211,797.0381615,0.121169949,13.704,0.135430517,9.374666667,0.20617187,8,0.363636364
Tuesday,5,5:00,9700102912,0.187527216,689819656,0.107348882,17.497,0.270736242,47,0.414634146,4798.522499,0.118878485,546.1508184,0.086151792,11403.78239,0.479578131,743.1031223,0.105180857,18.31066667,0.185911953,10.89333333,0.274956217,10,0.545454545
Tuesday,6,6:00,13679084320,0.265029049,921089080,0.145408708,24.375,0.445896045,50,0.451219512,3706.255434,0.075065511,552.5807393,0.088202256,10687.25219,0.442674349,774.1447872,0.114383187,31.62933333,0.33186248,15.57733333,0.487106709,11,0.636363636
Tuesday,7,7:00,15372120808,0.298005687,1278559432,0.204237321,26.534,0.5008786,44,0.37804878,3015.07747,0.047341007,590.2100813,0.10020203,9684.183449,0.391012841,837.7448132,0.133237473,41.07733333,0.435396911,16.29066667,0.519415424,11,0.636363636
Tuesday,8,8:00,19867165512,0.385559301,1120336824,0.178198751,25.305,0.469580054,40,0.329268293,4985.63656,0.126383996,633.4009711,0.113975348,11594.45343,0.489398349,845.1628026,0.135436542,40.67066667,0.430940518,15.10666667,0.465788997,11,0.636363636
Tuesday,9,9:00,14376739816,0.278617848,1096401864,0.174259794,23.58,0.425650037,41,0.341463415,4344.42502,0.100663744,636.0898351,0.114832811,10420.71381,0.428946701,874.7945377,0.144220897,32.3,0.339211876,14.97733333,0.459931155,11,0.636363636
Tuesday,10,10:00,21390354736,0.415227687,1428818488,0.228965334,28.152,0.542083684,45,0.390243902,3728.801583,0.075969881,512.9547694,0.07556577,11129.26315,0.465439441,813.3791904,0.126014262,42.29733333,0.44876609,17.68,0.582341929,11,0.636363636
Tuesday,11,11:00,18253681576,0.354132172,1930107464,0.311462064,26.491,0.499783533,46,0.402439024,3978.026451,0.085966779,668.9865692,0.125323384,10729.40008,0.444845111,989.0850366,0.17810242,40.16,0.425344457,17.80533333,0.5880186,11,0.636363636
Tuesday,12,12:00,17324491272,0.336033582,1111117880,0.176681597,24.096,0.438790842,38,0.304878049,4098.511089,0.090799654,430.5030801,0.049272416,10322.85184,0.423906471,706.0535476,0.094197477,39.476,0.41784895,16.764,0.540853916,11,0.636363636
Tuesday,13,13:00,14401884392,0.279107609,2100559000,0.339513138,24.606,0.451778847,41,0.341463415,3764.983321,0.077421201,588.4721002,0.099647798,8606.335222,0.335499931,995.3227541,0.179951597,40.98666667,0.434403355,24.50533333,0.891478954,12,0.727272727
Tuesday,14,14:00,11135176864,0.215479309,850214832,0.133744989,22.33,0.393816691,38,0.304878049,5045.988306,0.128804823,497.4982089,0.070636764,9205.569768,0.366362582,719.1558668,0.098081671,27.80533333,0.289957774,14.26933333,0.427864001,11,0.636363636
Tuesday,15,15:00,18662045520,0.362086206,1849175960,0.29814323,29.119,0.56670996,40,0.329268293,4234.675535,0.096261477,684.0704155,0.130133533,9799.842317,0.396969673,983.448347,0.176431418,46.48933333,0.494703467,19.992,0.687058397,12,0.727272727
Tuesday,16,16:00,14954809904,0.289877386,1198937680,0.191134032,29.133,0.567066493,47,0.414634146,3211.06403,0.055202412,320.9891198,0.014349064,8261.572787,0.317743474,590.6841848,0.059996124,49.79866667,0.530968279,19.76533333,0.676792077,12,0.727272727
Tuesday,17,17:00,10540815576,0.203902455,1254671992,0.200306184,25.877,0.484146994,47,0.414634146,3677.799069,0.07392407,477.9574816,0.064405342,7983.295131,0.303411213,714.9792214,0.096843501,30.236,0.316593855,16.904,0.547194879,12,0.727272727
Tuesday,18,18:00,12814695944,0.248192658,1092486584,0.173615459,28.214,0.543662617,46,0.402439024,3958.383878,0.085178877,313.5855718,0.011988117,8534.721084,0.331811556,531.3611934,0.042409769,32.69733333,0.343565991,18.92533333,0.638746301,13,0.818181818
Tuesday,19,19:00,9957426256,0.19253931,1088581576,0.172972815,28.907,0.561311025,55,0.512195122,2553.929212,0.028843446,557.1196018,0.089649672,7891.877315,0.298702879,792.5989662,0.119853945,31.552,0.331015035,17.524,0.575276285,13,0.818181818
Tuesday,20,20:00,12612921064,0.244262526,1290810056,0.206253396,31.755,0.63384012,46,0.402439024,5267.970166,0.137708951,458.8746654,0.058319946,9370.85045,0.374875109,751.7191662,0.107735091,23.68266667,0.244780176,17.8,0.58777704,13,0.818181818
Tuesday,21,21:00,10699805232,0.206999225,970689320,0.15357138,26.503,0.500089133,53,0.487804878,6442.951131,0.184839742,624.8562728,0.111250494,9694.249785,0.391531292,805.3548097,0.123635427,22.43066667,0.231060329,15.9,0.501721118,12,0.727272727
Tuesday,22,22:00,17501894968,0.339489017,1033950648,0.163982247,20.5,0.347212672,41,0.341463415,7162.966845,0.213720984,1004.622914,0.23235582,11921.27292,0.506230682,972.6430136,0.173228167,29.11066667,0.304262065,12.564,0.350625038,12,0.727272727
Tuesday,23,23:00,6450999528,0.124241806,401700848,0.059933398,13.279,0.163317799,24,0.134146341,13896.70298,0.483824345,1430.196661,0.36806876,13295.46505,0.577006328,1021.313156,0.187656475,8.22,0.07533496,6.413333333,0.072045413,9,0.454545455
Wednesday,0,0:00,2696185944,0.051106271,184782840,0.024235374,11.207,0.110550844,20,0.085365854,6730.287298,0.196365359,716.4449094,0.140457566,8501.83188,0.330117648,732.9278586,0.102164391,6.590666667,0.057480165,5.954666667,0.051271212,8,0.363636364
Wednesday,1,1:00,3077878992,0.058540815,184599464,0.024205196,9.197,0.059362824,17,0.048780488,7257.698048,0.217520838,789.3205703,0.163697182,10089.8517,0.411906159,848.491299,0.136423278,8.750666667,0.081150188,5.856,0.046802343,8,0.363636364
Wednesday,2,2:00,1132049080,0.020640315,111426384,0.01216316,7.652,0.020016808,15,0.024390244,16598.46038,0.592197133,1380.094683,0.352091536,14093.00833,0.618082564,1305.293551,0.271842723,2.58,0.013529902,5.405333333,0.026390482,8,0.363636364
Wednesday,3,3:00,285709128,0.004155468,46950744,0.001552455,6.866,0,13,0,17504.7007,0.628548209,679.2271615,0.128589048,9995.771193,0.407060687,799.4473599,0.121884158,1.345333333,0,4.822666667,0,8,0.363636364
Wednesday,4,4:00,7718660056,0.148933054,322915672,0.046967785,11.425,0.11610258,27,0.170731707,11533.55014,0.389033651,692.3676557,0.132779473,13451.68934,0.585052419,797.8742637,0.121417812,17.624,0.178387224,6.910666667,0.094570928,8,0.363636364
Wednesday,5,5:00,11335112632,0.21937362,643107752,0.099661541,20.233,0.340413069,39,0.317073171,10056.56332,0.329788813,932.7956973,0.209450547,12823.43949,0.55269538,1017.981461,0.186668791,19.624,0.200303911,9.430666667,0.208708255,10,0.545454545
Wednesday,6,6:00,17477313704,0.339010228,1329613112,0.212639184,30.167,0.593399037,47,0.414634146,9283.060468,0.298762097,972.2499035,0.222032259,12838.42018,0.553466937,1090.66839,0.208216898,24.29466667,0.251486682,14.62666667,0.444048554,11,0.636363636
Wednesday,7,7:00,19291355600,0.374343787,1391906992,0.222890839,29.299,0.571293962,45,0.390243902,4329.454682,0.100063255,410.6790925,0.042950664,10668.42799,0.441704838,690.7634449,0.089664712,39.14533333,0.414225391,20.796,0.72347364,11,0.636363636
Wednesday,8,8:00,21916912352,0.425483875,1557406520,0.250126965,28.297,0.545776352,38,0.304878049,2250.860063,0.016686748,495.0512394,0.06985644,9392.182885,0.375973803,755.9216707,0.108980927,60.83066667,0.651860727,19.52266667,0.665801075,11,0.636363636
Wednesday,9,9:00,18725182080,0.363315968,1222213864,0.194964575,24.932,0.460080984,43,0.365853659,4264.584172,0.097461171,576.8879221,0.095953672,10797.75275,0.44836551,811.0363018,0.12531971,38.73333333,0.409710554,16.064,0.509149103,11,0.636363636
Wednesday,10,10:00,16990823736,0.32953447,2052406128,0.331588658,24.822,0.45727965,40,0.329268293,3842.179668,0.080517698,893.8055058,0.197016807,9209.717562,0.366576208,1242.425476,0.253205424,43.47466667,0.461667714,17.21466667,0.561265777,11,0.636363636
Wednesday,11,11:00,20686009904,0.401508594,1162160712,0.185081675,24.505,0.449206713,36,0.280487805,3971.354763,0.085699165,681.4586106,0.129300643,10405.52132,0.428164235,844.9349534,0.135368996,47.78266667,0.508876258,15.348,0.476719609,11,0.636363636
Wednesday,12,12:00,22579567368,0.438390942,1567993728,0.251869293,25.012,0.462118318,37,0.292682927,4558.925776,0.10926779,688.6321762,0.131588251,11736.63249,0.496721062,920.193833,0.15767956,36.632,0.386683421,16.316,0.520562836,11,0.636363636
Wednesday,13,13:00,22946115320,0.445530492,1472383480,0.236134791,25.919,0.485216594,44,0.37804878,2409.6707,0.023056954,384.7489385,0.034681692,8714.102952,0.341050342,674.2386476,0.084765921,69.564,0.747563595,18.09066667,0.600942086,11,0.636363636
Wednesday,14,14:00,21057448848,0.40874341,1496971440,0.240181212,26.817,0.50808567,44,0.37804878,3410.770559,0.063213033,716.9578188,0.14062113,10360.67938,0.42585472,955.3689569,0.168107257,46.34133333,0.493081632,16.768,0.541035087,11,0.636363636
Wednesday,15,15:00,14460483344,0.280248988,1067972704,0.16958123,23.244,0.417093234,35,0.268292683,5728.868617,0.156196492,646.8905775,0.118277103,11494.69191,0.484260286,824.3144269,0.129256022,19.736,0.201531246,12.46,0.345914608,10,0.545454545
Wednesday,16,16:00,11984309888,0.232018559,1113030528,0.17699636,23.829,0.431991239,33,0.243902439,6564.131485,0.189700523,884.4113582,0.194021069,11065.46673,0.462153705,976.0146617,0.174227695,18.236,0.18509373,14.292,0.428890634,11,0.636363636
Wednesday,17,17:00,14343859704,0.277977415,1726181560,0.277902139,25.425,0.472636056,41,0.341463415,7809.390632,0.23965031,1195.545459,0.293239885,11720.8314,0.495907251,1359.346858,0.287866875,23.64933333,0.244414897,14.55733333,0.440908267,12,0.727272727
Wednesday,18,18:00,11823831304,0.228892788,1504157744,0.241363856,31.131,0.617948914,49,0.43902439,3145.105887,0.052556702,705.4853693,0.136962634,8308.398393,0.320155155,956.879262,0.168554989,39.432,0.417366783,18.52666667,0.620689655,13,0.818181818
Wednesday,19,19:00,14787559392,0.286619712,1882971400,0.303704919,37.568,0.781877913,54,0.5,4026.490478,0.087910766,374.2006065,0.031317891,8080.249405,0.308404693,768.4518582,0.112695513,33.90933333,0.356847504,22.73333333,0.811220484,15,1
Wednesday,20,20:00,16681052752,0.323500811,2963615800,0.481545711,34.39,0.700944814,53,0.487804878,2688.416898,0.034238011,923.740359,0.206562854,8729.828723,0.341860274,1369.660129,0.290924253,42.18533333,0.447538756,21.02533333,0.73386074,13,0.818181818
Wednesday,21,21:00,18253603368,0.354130649,1602628288,0.257569075,36.677,0.759187104,69,0.682926829,3522.674316,0.067701712,440.9997653,0.052619746,9684.292509,0.391018458,811.6135196,0.125490827,45.94133333,0.488698295,23.45333333,0.843831149,14,0.909090909
Wednesday,22,22:00,14870896496,0.288242936,1298929232,0.207589562,25.075,0.463722719,42,0.353658537,6203.160964,0.175221288,621.9762525,0.110332073,10230.98936,0.419175236,856.6993263,0.138856555,25.14533333,0.26080858,16.784,0.541759768,12,0.727272727
Wednesday,23,23:00,7868064424,0.151843123,425764000,0.063893452,16.347,0.241449563,40,0.329268293,7925.301277,0.244299713,672.5013639,0.126444231,11651.28244,0.492325239,790.0905582,0.119110325,17.05866667,0.172192107,8.888,0.184129476,9,0.454545455
Thursday,0,0:00,4506433504,0.086365924,252024960,0.035301356,14.314,0.189675809,24,0.134146341,10163.8492,0.33409226,567.9449726,0.093101819,11428.04777,0.480827882,648.4908899,0.077132975,10.35333333,0.09871276,8.48,0.1656501,8,0.363636364
Thursday,1,1:00,3077878992,0.058540815,184599464,0.024205196,9.197,0.059362824,17,0.048780488,7257.698048,0.217520838,789.3205703,0.163697182,10089.8517,0.411906159,848.491299,0.136423278,8.750666667,0.081150188,5.856,0.046802343,8,0.363636364
Thursday,2,2:00,1132049080,0.020640315,111426384,0.01216316,7.652,0.020016808,15,0.024390244,16598.46038,0.592197133,1380.094683,0.352091536,14093.00833,0.618082564,1305.293551,0.271842723,2.58,0.013529902,5.405333333,0.026390482,8,0.363636364
Thursday,3,3:00,285709128,0.004155468,46950744,0.001552455,6.866,0,13,0,17504.7007,0.628548209,679.2271615,0.128589048,9995.771193,0.407060687,799.4473599,0.121884158,1.345333333,0,4.822666667,0,8,0.363636364
Thursday,4,4:00,7718660056,0.148933054,322915672,0.046967785,11.425,0.11610258,27,0.170731707,11533.55014,0.389033651,692.3676557,0.132779473,13451.68934,0.585052419,797.8742637,0.121417812,17.624,0.178387224,6.910666667,0.094570928,8,0.363636364
Thursday,5,5:00,11335112632,0.21937362,643107752,0.099661541,20.233,0.340413069,39,0.317073171,10056.56332,0.329788813,932.7956973,0.209450547,12823.43949,0.55269538,1017.981461,0.186668791,19.624,0.200303911,9.430666667,0.208708255,10,0.545454545
Thursday,6,6:00,17477313704,0.339010228,1329613112,0.212639184,30.167,0.593399037,47,0.414634146,9283.060468,0.298762097,972.2499035,0.222032259,12838.42018,0.553466937,1090.66839,0.208216898,24.29466667,0.251486682,14.62666667,0.444048554,11,0.636363636
Thursday,7,7:00,2171827200,0.040892913,198778136,0.026538569,26.827,0.508340337,40,0.329268293,4770.539625,0.117756037,510.4779487,0.074775926,9275.604756,0.369969626,775.1085427,0.114668893,40.08666667,0.424540845,17.268,0.563681382,4,0
Thursday,8,8:00,15248462384,0.295597092,1358768056,0.21743719,25.332,0.470267655,48,0.426829268,5782.037057,0.158329182,913.0685318,0.203159671,12211.02,0.521153659,1132.913766,0.220740578,29.44666667,0.307944069,16.55066667,0.531191497,10,0.545454545
Thursday,9,9:00,17770118064,0.344713415,1057960968,0.167933606,29.042,0.564749026,42,0.353658537,4099.659899,0.090845735,445.747556,0.054133789,10195.91172,0.417368616,668.9769574,0.083206088,42.79466667,0.45421604,17.09333333,0.555770276,10,0.545454545
Thursday,10,10:00,21987553424,0.426859808,1578008808,0.253517467,27.815,0.533501413,43,0.365853659,5204.805416,0.135175289,794.0750331,0.165213352,13224.75284,0.573364404,1078.892595,0.204725953,37.81466667,0.399643489,14.876,0.455341506,10,0.545454545
Thursday,11,11:00,16505293760,0.320077411,1222198992,0.194962128,28.473,0.550258487,41,0.341463415,5753.420615,0.157181321,687.1377401,0.131111684,11261.95347,0.472273452,914.8072795,0.156082711,33.196,0.349030552,15.036,0.462588321,10,0.545454545
Thursday,12,12:00,8073148296,0.155837707,735795872,0.114915152,25.043,0.462907785,38,0.304878049,3672.453058,0.073709631,425.0436432,0.047531434,8776.372712,0.34425745,628.4143185,0.071181257,33.96133333,0.357417338,16.456,0.526903799,10,0.545454545
Thursday,13,13:00,13732435400,0.266068211,1361160416,0.217830899,25.449,0.473247256,40,0.329268293,5271.05982,0.137832883,745.7322376,0.149797121,11111.49937,0.464524545,1009.127349,0.184043982,24.76933333,0.256688242,14.99866667,0.460897397,11,0.636363636
Thursday,14,14:00,19618139272,0.380708816,1359789240,0.217605246,27.389,0.522652609,48,0.426829268,9296.26853,0.299291898,891.8173704,0.196382802,12844.74538,0.553792707,1040.072908,0.193217821,16.50933333,0.166172324,13.192,0.379068784,11,0.636363636
Thursday,15,15:00,9276634704,0.179278984,675630384,0.105013765,21.08,0.361983345,35,0.268292683,6804.553189,0.199344309,469.7386111,0.061784393,11461.66327,0.482559197,662.1840742,0.081192331,12.06133333,0.117429611,11.344,0.295368078,10,0.545454545
Thursday,16,16:00,10808298456,0.209112435,1062791816,0.168728615,26.796,0.50755087,55,0.512195122,7051.491536,0.209249491,836.7073926,0.178808558,9571.243896,0.385196064,948.9560029,0.166206131,19.03066667,0.193801961,13.99466667,0.415423637,11,0.636363636
Thursday,17,17:00,13559580232,0.262701371,1128274360,0.179505025,27.338,0.521353809,40,0.329268293,7914.14475,0.243852203,895.595748,0.197587704,12242.03158,0.522750862,1109.512504,0.213803253,28.328,0.295685335,15.452,0.481430038,10,0.545454545
Thursday,18,18:00,11823831304,0.228892788,1504157744,0.241363856,31.131,0.617948914,49,0.43902439,3145.105887,0.052556702,705.4853693,0.136962634,8308.398393,0.320155155,956.879262,0.168554989,39.432,0.417366783,18.52666667,0.620689655,13,0.818181818
Thursday,19,19:00,9413619056,0.181947138,1019580104,0.161617298,40.395,0.853872208,95,1,2358.987442,0.021023949,398.6076814,0.039101163,8503.767009,0.330217314,843.9506069,0.135077186,54.96266667,0.587557166,22.91066667,0.819252371,9,0.454545455
Thursday,20,20:00,16681052752,0.323500811,2963615800,0.481545711,34.39,0.700944814,53,0.487804878,2688.416898,0.034238011,923.740359,0.206562854,8729.828723,0.341860274,1369.660129,0.290924253,42.18533333,0.447538756,21.02533333,0.73386074,13,0.818181818
Thursday,21,21:00,10655843232,0.206142941,1255427192,0.200430466,32.783,0.660019864,84,0.865853659,4833.006768,0.120261716,619.885184,0.109665244,9458.081277,0.379367798,912.759815,0.155475738,28.336,0.295773002,20.948,0.730358114,12,0.727272727
Thursday,22,22:00,8033970552,0.155074611,612528528,0.094629143,29.985,0.588764102,58,0.548780488,3893.687546,0.08258378,709.1089904,0.138118185,10571.94588,0.436735675,920.6884896,0.157826201,31.212,0.327289198,18.86666667,0.636089136,8,0.363636364
Thursday,23,23:00,72365384,0,37517296,0,15.712,0.225278223,62,0.597560976,9626.378865,0.312533271,543.9393261,0.085446561,2092.210709,0,552.2284436,0.048595884,2.525333333,0.012930846,7.893333333,0.139078447,4,0
Friday,0,0:00,5948616072,0.114456478,317312160,0.046045619,12.194,0.135686454,21,0.097560976,11724.27607,0.396684042,704.9373522,0.136787875,10606.01362,0.438490282,722.4825306,0.099067864,11.95333333,0.11624611,9.34,0.204601727,8,0.363636364
Friday,1,1:00,1380491504,0.025479428,91440112,0.008874035,12.101,0.133318053,55,0.512195122,15549.31895,0.550114013,857.028668,0.185288892,11759.1719,0.49788192,834.0792849,0.132150824,4.86,0.038514925,7.016,0.099341748,6,0.181818182
Friday,2,2:00,5357180528,0.102936611,393896256,0.058649003,11.352,0.114243512,18,0.06097561,6880.200999,0.202378691,748.642372,0.150725146,6795.46865,0.242234043,675.7851741,0.08522439,10.96666667,0.105433877,9.369333333,0.20593031,8,0.363636364
Friday,3,3:00,5399486976,0.103760647,354378224,0.052145552,11.074,0.107163776,21,0.097560976,5665.491134,0.153654297,370.5851999,0.03016496,7139.534268,0.259954612,429.0038775,0.012065849,18.56133333,0.188658845,9.06,0.191919802,8,0.363636364
Friday,4,4:00,6764755128,0.130353077,391012000,0.058174343,14.792,0.201848881,25,0.146341463,7293.313687,0.218949451,1040.781042,0.243886432,14801.62075,0.654578553,1067.67952,0.201401826,9.781333333,0.092444587,7.446666667,0.118847757,8,0.363636364
Friday,5,5:00,19907907472,0.386352865,1318121928,0.210748089,22.805,0.405913362,45,0.390243902,3951.953353,0.084920936,855.0626694,0.184661946,13062.42571,0.565003996,1082.849132,0.205898872,31.336,0.328648033,13.79866667,0.406546289,11,0.636363636
Friday,6,6:00,17477313704,0.339010228,1329613112,0.212639184,30.167,0.593399037,47,0.414634146,9283.060468,0.298762097,972.2499035,0.222032259,12838.42018,0.553466937,1090.66839,0.208216898,24.29466667,0.251486682,14.62666667,0.444048554,11,0.636363636
Friday,7,7:00,2171827200,0.040892913,198778136,0.026538569,26.827,0.508340337,40,0.329268293,4770.539625,0.117756037,510.4779487,0.074775926,9275.604756,0.369969626,775.1085427,0.114668893,40.08666667,0.424540845,17.268,0.563681382,4,0
Friday,8,8:00,15248462384,0.295597092,1358768056,0.21743719,25.332,0.470267655,48,0.426829268,5782.037057,0.158329182,913.0685318,0.203159671,12211.02,0.521153659,1132.913766,0.220740578,29.44666667,0.307944069,16.55066667,0.531191497,10,0.545454545
Friday,9,9:00,17770118064,0.344713415,1057960968,0.167933606,29.042,0.564749026,42,0.353658537,4099.659899,0.090845735,445.747556,0.054133789,10195.91172,0.417368616,668.9769574,0.083206088,42.79466667,0.45421604,17.09333333,0.555770276,10,0.545454545
Friday,10,10:00,21987553424,0.426859808,1578008808,0.253517467,27.815,0.533501413,43,0.365853659,5204.805416,0.135175289,794.0750331,0.165213352,13224.75284,0.573364404,1078.892595,0.204725953,37.81466667,0.399643489,14.876,0.455341506,10,0.545454545
Friday,11,11:00,16505293760,0.320077411,1222198992,0.194962128,28.473,0.550258487,41,0.341463415,5753.420615,0.157181321,687.1377401,0.131111684,11261.95347,0.472273452,914.8072795,0.156082711,33.196,0.349030552,15.036,0.462588321,10,0.545454545
Friday,12,12:00,8073148296,0.155837707,735795872,0.114915152,25.043,0.462907785,38,0.304878049,3672.453058,0.073709631,425.0436432,0.047531434,8776.372712,0.34425745,628.4143185,0.071181257,33.96133333,0.357417338,16.456,0.526903799,10,0.545454545
Friday,13,13:00,13732435400,0.266068211,1361160416,0.217830899,25.449,0.473247256,40,0.329268293,5271.05982,0.137832883,745.7322376,0.149797121,11111.49937,0.464524545,1009.127349,0.184043982,24.76933333,0.256688242,14.99866667,0.460897397,11,0.636363636
Friday,14,14:00,19618139272,0.380708816,1359789240,0.217605246,27.389,0.522652609,48,0.426829268,9296.26853,0.299291898,891.8173704,0.196382802,12844.74538,0.553792707,1040.072908,0.193217821,16.50933333,0.166172324,13.192,0.379068784,11,0.636363636
Friday,15,15:00,14970908504,0.290190951,1203955400,0.191959794,24.344,0.445106578,41,0.341463415,4081.792423,0.090129036,426.7996266,0.048091406,9051.406392,0.358422635,680.2899589,0.086559838,47.01733333,0.500489473,18.37866667,0.613986352,12,0.727272727
Friday,16,16:00,17151083808,0.332655985,1210764504,0.193080363,28.127,0.541447017,43,0.365853659,5321.487276,0.139855627,638.074535,0.11546572,11370.41189,0.477859435,868.2433648,0.142278796,33.49733333,0.352332666,16.81866667,0.543329911,12,0.727272727
Friday,17,17:00,15134850296,0.293384178,1398654640,0.224001294,32.956,0.664425599,47,0.414634146,5281.493068,0.138251381,406.8951778,0.041743996,10007.18084,0.407648323,734.0882331,0.102508385,31.57733333,0.331292646,18.78533333,0.632405338,13,0.818181818
Friday,18,18:00,14434600624,0.279744849,1490876088,0.239178104,35.075,0.718389487,60,0.573170732,3512.814557,0.067306218,351.7991097,0.024174187,9461.210992,0.379528989,753.6044789,0.108293994,41.25333333,0.43732558,21.57066667,0.7585603,14,0.909090909
Friday,19,19:00,18729438704,0.363398878,1960937760,0.316535781,38.608,0.808363257,89,0.926829268,4080.991846,0.090096923,409.33808,0.042523023,9580.60879,0.385678388,860.598295,0.140012408,45.13333333,0.479843953,23.84,0.861344284,14,0.909090909
Friday,20,20:00,18766440224,0.364119586,2186826664,0.353710139,39.09,0.820638195,71,0.707317073,2247.456377,0.01655022,557.8944168,0.089896756,8915.025272,0.351398536,1018.580751,0.186846452,56.684,0.606420128,23.50133333,0.846005194,14,0.909090909
Friday,21,21:00,13830752808,0.267983218,1630154384,0.262099023,32.592,0.655155729,65,0.634146341,3237.408855,0.056259155,665.4319946,0.124189851,8702.82314,0.340469393,1008.516757,0.183862971,39.77866667,0.421165676,19.26933333,0.654326952,13,0.818181818
Friday,22,22:00,12488619392,0.241841402,990586280,0.156845807,23.93,0.434563374,46,0.402439024,6578.509022,0.190277235,951.3471313,0.215366489,10844.59034,0.450777808,1055.885401,0.197905449,22.14666667,0.22794816,12.1,0.329609276,11,0.636363636
Friday,23,23:00,8759162888,0.169199767,650246696,0.100836392,16.178,0.237145695,43,0.365853659,7046.611371,0.209053738,543.9132233,0.085438237,9903.805062,0.402324114,691.2730609,0.089815788,21.72933333,0.223374878,10.25733333,0.24615013,9,0.454545455
Saturday,0,0:00,3543027128,0.06760088,482096240,0.073164004,14.31,0.189573942,21,0.097560976,16870.32227,0.603102046,1188.69541,0.291055445,10734.1689,0.445090722,1024.259133,0.188529813,5.638666667,0.047047822,7.041333333,0.10048916,8,0.363636364
Saturday,1,1:00,4656706872,0.08929292,593807152,0.091548181,13.435,0.1672906,22,0.109756098,19700.18974,0.71661358,1800.560349,0.486175539,11458.00935,0.482371007,1293.601677,0.268376656,5.469333333,0.045192209,6.737333333,0.086720213,8,0.363636364
Saturday,2,2:00,3139980072,0.059750408,282569168,0.040327992,11.946,0.129370718,21,0.097560976,10997.95464,0.367549865,907.6102026,0.201419043,8450.847706,0.327491787,800.4066713,0.122168547,7.430666667,0.066685174,6.297333333,0.066791473,8,0.363636364
Saturday,3,3:00,1668681920,0.031092746,227478904,0.031261831,10.969,0.104489775,18,0.06097561,10965.74382,0.366257826,287.6413103,0.003714646,6094.951512,0.206154989,406.1586576,0.005293363,4.536,0.034964422,8.657333333,0.173681986,8,0.363636364
Saturday,4,4:00,9677689616,0.187090654,712321832,0.111052048,16.215,0.238087962,29,0.195121951,9325.094715,0.300448173,1012.105741,0.234742049,14527.3355,0.640451914,1156.791017,0.227819011,13.064,0.128417177,9.837333333,0.227127242,9,0.454545455
Saturday,5,5:00,17510761320,0.339661715,1003238752,0.158928015,21.047,0.361142944,45,0.390243902,6709.419713,0.195528319,730.6021052,0.144972212,12230.47422,0.522155618,892.4785892,0.149463351,29.68666667,0.310574071,11.74666667,0.313605894,10,0.545454545
Saturday,6,6:00,25286845016,0.491122774,1356369184,0.21704241,26.017,0.487712328,45,0.390243902,7447.926421,0.225151271,766.5017156,0.156420384,14832.67315,0.656177859,1075.323666,0.20366794,48.48933333,0.516620155,15.47466667,0.48245667,11,0.636363636
Saturday,7,7:00,30068159672,0.584252299,1580586576,0.253941688,30.414,0.599689307,45,0.390243902,6897.094787,0.203056334,626.1955392,0.111677578,14947.52619,0.662093188,953.9823494,0.167696196,56.13066667,0.600356511,16.35466667,0.52231415,11,0.636363636
Saturday,8,8:00,22656419792,0.439887858,1322060312,0.211396226,29.278,0.570759162,47,0.414634146,7774.513623,0.238251324,765.4737023,0.156092557,16073.43285,0.720081273,1037.990373,0.192600452,35.864,0.378267413,13.76666667,0.405096926,11,0.636363636
Saturday,9,9:00,17339643544,0.336328715,4998804264,0.816475064,30.397,0.599256373,41,0.341463415,8276.228655,0.258376098,3411.830443,1,13683.31205,0.596981789,3761.542619,1,30.796,0.322730527,17.69733333,0.583127,11,0.636363636
Saturday,10,10:00,23136902712,0.449246612,1132606432,0.180217951,30.063,0.590750503,43,0.365853659,11084.50307,0.371021492,678.919516,0.128490941,18180.45592,0.828600245,941.4137684,0.163970229,32.24933333,0.338656653,13.65333333,0.399963766,11,0.636363636
Saturday,11,11:00,35676297072,0.693486518,2133504600,0.344934969,28.647,0.554689689,43,0.365853659,8841.560298,0.281052659,682.6272274,0.129673308,19263.14966,0.884362715,1018.78388,0.186906669,46.20933333,0.491635131,20.112,0.692493508,11,0.636363636
Saturday,12,12:00,51412846784,1,2082806912,0.336591691,30.164,0.593322637,44,0.37804878,9559.999716,0.309870673,950.2917548,0.215029936,21358.74421,0.992293079,1266.43272,0.260322394,66.38933333,0.712774506,16.844,0.544477324,12,0.727272727
Saturday,13,13:00,31100258032,0.604355312,2163377928,0.349851199,34.068,0.692744544,46,0.402439024,4720.255542,0.115739043,552.8613427,0.088291739,13666.88069,0.596135517,945.8493857,0.165285172,63.53866667,0.681535921,20.544,0.712059907,13,0.818181818
Saturday,14,14:00,33219655208,0.645636522,1415930648,0.226844393,32.609,0.655588662,44,0.37804878,6502.525327,0.18722938,560.321734,0.090670813,16659.76525,0.750279418,933.5939841,0.161652047,51.84133333,0.553352523,16.20933333,0.515731626,11,0.636363636
Saturday,15,15:00,34246278880,0.665632899,2080644896,0.33623589,35.07,0.718262154,49,0.43902439,10296.84561,0.339427007,1085.238005,0.258063494,18663.5139,0.853479401,1475.669215,0.322350744,44.388,0.471676334,15.40533333,0.479316384,12,0.727272727
Saturday,16,16:00,29883791568,0.580661213,1886463360,0.304279588,34.124,0.694170678,46,0.402439024,8453.105613,0.26547098,774.5540934,0.15898824,15737.19873,0.702764053,1105.30796,0.212556812,48.38533333,0.515480487,17.51066667,0.574672384,12,0.727272727
Saturday,17,17:00,34058046952,0.661966554,1647208888,0.264905669,35.944,0.74052003,58,0.548780488,6597.807361,0.191051329,647.9621822,0.118618831,15029.47904,0.666314043,973.7003535,0.173541617,59.94,0.642100495,18.33866667,0.612174648,13,0.818181818
Saturday,18,18:00,36823090520,0.71582354,2213093088,0.358032784,41.952,0.893523824,60,0.573170732,3543.373875,0.068532012,359.8869595,0.026753354,13136.29727,0.568808637,814.2921909,0.126284921,78.66933333,0.847342967,26.90133333,1,14,0.909090909
Saturday,19,19:00,42292059568,0.822347065,2449295928,0.396904498,46.133,1,68,0.670731707,2384.375433,0.022042312,532.2674571,0.081724471,13876.98664,0.6069567,990.6199456,0.178557445,87.23066667,0.941161,24.532,0.892686757,14,0.909090909
Saturday,20,20:00,40696516648,0.791269387,2330155032,0.377297575,43.887,0.942801844,61,0.585365854,3179.714065,0.053944904,428.6447699,0.048679812,13706.21354,0.598161295,879.1040798,0.145498465,82.42133333,0.888458672,24.532,0.892686757,14,0.909090909
Saturday,21,21:00,42056547592,0.817759808,6113988200,1,42.361,0.903939695,59,0.56097561,1834.855763,0,1294.624201,0.324835508,12978.52522,0.560682831,2247.4444,0.551144201,92.6,1,26.35733333,0.975360831,14,0.909090909
Saturday,22,22:00,26526654824,0.51527155,1282706920,0.204919869,28.601,0.553518221,46,0.402439024,3791.760223,0.078495275,523.8867623,0.079051917,11456.53454,0.482295049,774.0019068,0.11434083,65.32933333,0.701158662,15.652,0.490488556,12,0.727272727
Saturday,23,23:00,18232115992,0.353712122,714308888,0.111379056,19.47,0.320981995,29,0.195121951,8736.281585,0.276829723,716.1205304,0.140354124,15872.2601,0.709720181,852.533565,0.137621612,30.72933333,0.321999971,9.593333333,0.21607585,9,0.454545455
